,1996,1997,1998,1999,2000,2001,2002,2003,2004,2005,2006,2007,2008,2009,2010,2011,2012,2013,2014,2015,2016,2017,2018,2019,2020,2021,2022,2023
All_Freight,85.054261,594.894085,601.315099,626.877621,635.797102,619.20582,634.352984,649.103708,675.078582,693.08106,711.260543,687.935425,665.85915,555.45159,594.652435,608.205646,620.527569,633.86406,650.095134,626.475465,575.336621,589.465522,594.329643,558.758459,481.100683,478.869528,477.15403,442.347769
All_Freight_Both_Mainline,0,512.8744,520.487845,542.29062,549.445655,537.204746,557.216801,571.327698,595.291455,609.318243,626.533284,588.277602,568.255468,478.034256,510.942333,526.262024,537.170271,545.537474,559.840408,537.099616,494.732092,508.550657,513.108105,480.652607,413.135731,412.024289,410.824225,380.731881
All_Freight_Only_Mainline,0,512.414349,520.027068,542.122829,549.38291,537.13354,546.216431,560.370981,583.078706,596.275663,623.266248,584.952141,564.717368,475.093001,508.062103,522.96702,533.546286,541.858964,556.32781,533.982948,491.58883,504.878251,510.159421,478.153944,411.063609,410.200873,409.14211,379.272634
All_Freight_Other_Mainline,0,0.460051,0.460777,0.167791,0.062745,0.071206,11.00037,10.956717,12.212749,13.04258,3.267036,3.325461,3.5381,2.941255,2.88023,3.295004,3.623985,3.67851,3.512598,3.116668,3.143262,3.672406,2.948684,2.498663,2.072122,1.823416,1.682115,1.459247
All_Freight_Non_Mainline,85.054261,82.019685,80.827254,84.587001,86.351447,82.001074,77.136183,77.77601,79.787127,83.762817,84.727259,99.657823,97.603682,77.417334,83.710102,81.943622,83.357298,88.326586,90.254726,89.375849,80.604529,80.914865,81.221538,78.105852,67.964952,66.845239,66.329805,61.615888
ClassI_Freight_Both_Mainline,0,487.246792,494.709678,517.410422,524.954872,513.71727,534.153996,548.222673,570.402749,583.726799,599.889559,561.714447,542.663953,455.912221,488.345706,502.696151,513.09667,520.986235,534.49599,511.665136,469.530247,482.988542,487.021226,455.264294,389.361851,388.524386,387.712924,350.171988
ClassI_Freight_Only_Mainline,0,486.861134,494.30087,517.275984,524.934785,513.689684,523.205739,537.316022,558.246129,570.748618,596.680455,558.449253,539.180335,453.028674,485.512015,499.445085,509.51545,517.350093,531.0214,508.606011,466.476866,479.399235,484.153188,452.839477,387.370596,386.786232,386.196077,348.791765
ClassI_Freight_Other_Mainline,0,0.385658,0.408808,0.134438,0.020087,0.027586,10.948257,10.906651,12.15662,12.978181,3.209104,3.265194,3.483618,2.883547,2.833691,3.251066,3.58122,3.636142,3.47459,3.059125,3.053381,3.589307,2.868038,2.424817,1.991255,1.738154,1.516847,1.380223
ClassI_Freight_Non_Mainline,76.079082,71.590401,70.441352,72.065612+,72.73518,68.103667,63.452322,63.717175,64.981757,67.052154,67.686523,82.461434,79.958259,61.94066,66.735599,64.51151,65.283745,69.962072,71.653039,70.44978,62.008521,62.069006,61.636178,57.93431,49.006069,47.865889,47.885997,43.414371
Non_ClassI_Freight_Both_Mainline,0,25.627608,25.778167,24.880198,24.490783,23.487476,23.062805,23.105025,24.888706,25.591444,26.643725,26.563155,25.591515,22.122035,22.596627,23.565873,24.073601,24.551239,25.344418,25.43448,25.201845,25.562115,26.086879,25.388313,23.77388,23.499903,23.111301,30.559893
Non_ClassI_Freight_Only_Mainline,0,25.553215,25.726198,24.846845,24.448125,23.443856,23.010692,23.054959,24.832577,25.527045,26.585793,26.502888,25.537033,22.064327,22.550088,23.521935,24.030836,24.508871,25.30641,25.376937,25.111964,25.479016,26.006233,25.314467,23.693013,23.414641,22.946033,30.480869
Non_ClassI_Freight_Other_Mainline,0,0.074393,0.051969,0.033353,0.042658,0.04362,0.052113,0.050066,0.056129,0.064399,0.057932,0.060267,0.054482,0.057708,0.046539,0.043938,0.042765,0.042368,0.038008,0.057543,0.089881,0.083099,0.080646,0.073846,0.080867,0.085262,0.165268,0.079024
Non_ClassI_Freight_Non_Mainline,8.975179,10.429284,10.385902,12.521389,13.616267,13.897407,13.683861,14.058835,14.80537,16.710663,17.040736,17.196389,17.645423,15.476674,16.974503,17.432112,18.073553,18.364514,18.601687,18.926069,18.596008,18.845859,19.58536,20.171542,18.958883,18.97935,18.443808,18.201517
All_Passenger,0,76.649919,76.614002,78.558991,80.166585,86.992082,88.678871,88.771417,88.972165,88.268365,90.005106,92.818032,95.241069,98.07088,96.133049,96.436816,97.682649,100.8013,101.676558,100.79377,103.16966,105.139392,109.458568,110.713633,83.322568,84.742156,95.864649,96.859766
All_Train,87.823254,676.716407,682.894516,712.441711,722.865109,711.537531,728.657837,743.316093,770.136276,787.752494,807.681554,787.065632,767.561811,661.528215,698.597562,711.445962,725.203063,741.825327,759.087658,731.505736,682.851205,698.859078,707.876133,673.471637,567.55342,567.407344,576.97284,542.831575
All_Train_Mainline,0,591.842608,599.202452,624.982713,633.946023,625.791142,647.660471,661.689173,686.201292,699.65816,718.631118,683.019076,665.608831,580.071467,610.901658,626.810722,639.193827,650.826566,666.115921,639.348206,599.459847,615.237523,623.930356,592.639544,497.424854,498.331553,508.190726,478.809585
All_Train_Non_Mainline,87.823254,84.873799,83.692064,87.458998,88.919086,85.746389,80.997366,81.62692,83.934984,88.094334,89.050436,104.046556,101.95298,81.456748,87.695904,84.63524,86.009236,90.998761,92.971737,92.15753,83.391358,83.621555,83.945777,80.832093,70.128566,69.075791,68.782114,64.02199
NS_All_Freight,9.897773,64.503182,68.319901,81.878257,95.891922,90.058426,92.324216,93.154767,96.983934,101.838961,105.320383,102.423729,101.165973,85.476857,91.082015,83.57787,87.81986,95.891972,95.90296,96.473089,91.55555,94.455297,92.406692,87.634292,72.734571,69.293135,68.908947,67.778563
NS_All_Freight_Both_Mainline,0,54.240878,57.776881,68.339875,81.087054,76.201648,78.907473,80.066587,83.943,87.681961,90.999841,87.943111,85.798352,75.466682,77.868656,76.668708,80.374301,82.704522,82.541256,83.124219,79.428473,82.235958,79.743998,76.09695,63.459055,61.401017,61.029335,60.271348
NS_All_Freight_Only_Mainline,0,54.240878,57.776881,68.339875,81.087054,76.201648,78.907473,80.066587,83.943,87.681961,90.999841,87.943111,85.798352,75.466682,77.868656,76.668708,80.374301,82.704522,82.541256,83.124219,79.428473,82.235958,79.743998,76.09695,63.459055,61.401017,61.029335,60.271348
NS_All_Freight_Other_Mainline,0,0,0,0,0,0,0,0,0,0,0,0,0,0,0,0,0,0,0,0,0,0,0,0,0,0,0,0
NS_All_Freight_Non_Mainline,9.897773,10.262304,10.54302,13.538382,14.804868,13.856778,13.416743,13.08818,13.040934,14.157,14.320542,14.480618,15.367621,10.010175,13.213359,6.909162,7.445559,13.18745,13.361704,13.34887,12.127077,12.219339,12.662694,11.537342,9.275516,7.892118,7.879612,7.507215
NS_ClassI_Freight_Both_Mainline,0,54.240878,57.776881,68.339875,81.087054,76.201648,78.907473,80.066587,83.943,87.681961,90.999841,87.943111,85.798352,75.466682,77.868656,76.668708,80.374301,82.704522,82.541256,83.124219,79.428473,82.235958,79.743998,76.09695,63.459055,61.401017,61.029335,60.271348
NS_ClassI_Freight_Only_Mainline,0,54.240878,57.776881,68.339875,81.087054,76.201648,78.907473,80.066587,83.943,87.681961,90.999841,87.943111,85.798352,75.466682,77.868656,76.668708,80.374301,82.704522,82.541256,83.124219,79.428473,82.235958,79.743998,76.09695,63.459055,61.401017,61.029335,60.271348
NS_ClassI_Freight_Other_Mainline,0,0,0,0,0,0,0,0,0,0,0,0,0,0,0,0,0,0,0,0,0,0,0,0,0,0,0,0
NS_ClassI_Freight_Non_Mainline,9.897773,10.262304,10.54302,13.538382,14.804868,13.856778,13.416743,13.08818,13.040934,14.157,14.320542,14.480618,15.367621,10.010175,13.213359,6.909162,7.445559,13.18745,13.361704,13.34887,12.127077,12.219339,12.662694,11.537342,9.275516,7.892118,7.879612,7.507215
NS_Non_ClassI_Freight_Both_Mainline,0,0,0,0,0,0,0,0,0,0,0,0,0,0,0,0,0,0,0,0,0,0,0,0,0,0,0,0
NS_Non_ClassI_Freight_Only_Mainline,0,0,0,0,0,0,0,0,0,0,0,0,0,0,0,0,0,0,0,0,0,0,0,0,0,0,0,0
NS_Non_ClassI_Freight_Other_Mainline,0,0,0,0,0,0,0,0,0,0,0,0,0,0,0,0,0,0,0,0,0,0,0,0,0,0,0,0
NS_Non_ClassI_Freight_Non_Mainline,0,0,0,0,0,0,0,0,0,0,0,0,0,0,0,0,0,0,0,0,0,0,0,0,0,0,0,0
NS_All_Passenger,0,0,0,0,0,0,0,0,0,0,0,0,0,0,0,0,0,0,0,0,0,0,0,0,0,0,0,0
NS_All_Train,9.897773,64.503182,68.319901,81.878257,95.891922,90.058426,92.324216,93.154767,96.983934,101.838961,105.320383,102.423729,101.165973,85.476857,91.082015,83.57787,87.81986,95.891972,95.90296,96.473089,91.55555,94.455297,92.406692,87.634292,72.734571,69.293135,68.908947,67.778563
NS_All_Train_Mainline,0,54.240878,57.776881,68.339875,81.087054,76.201648,78.907473,80.066587,83.943,87.681961,90.999841,87.943111,85.798352,75.466682,77.868656,76.668708,80.374301,82.704522,82.541256,83.124219,79.428473,82.235958,79.743998,76.09695,63.459055,61.401017,61.029335,60.271348
NS_All_Train_Non_Mainline,9.897773,10.262304,10.54302,13.538382,14.804868,13.856778,13.416743,13.08818,13.040934,14.157,14.320542,14.480618,15.367621,10.010175,13.213359,6.909162,7.445559,13.18745,13.361704,13.34887,12.127077,12.219339,12.662694,11.537342,9.275516,7.892118,7.879612,7.507215
UP_All_Freight,19.107122,166.275923,158.232433,174.968922,179.300091,173.587072,187.640543,191.151826,194.223631,200.233363,204.40217,195.286577,183.119072,149.449203,160.260829,167.102372,167.509701,166.739378,174.563845,162.617614,148.222077,152.334076,154.301439,135.963719,113.624909,112.160608,114.466234,104.652296
UP_All_Freight_Both_Mainline,0,150.273102,142.913853,159.01287,163.273716,159.211306,173.90589,175.399029,177.457947,183.201193,187.494115,167.794182,158.542085,130.320378,141.087032,145.477807,145.54019,144.479819,151.629498,139.872427,129.240572,133.102264,134.497842,117.595122,98.214454,96.398054,98.718283,90.178568
UP_All_Freight_Only_Mainline,0,150.273102,142.913853,159.00825,163.273716,159.211306,162.990972,164.522334,165.332523,170.25047,184.308553,164.552435,155.084068,127.471524,138.273064,142.248187,141.978912,140.855589,148.165814,136.833862,126.224755,129.560322,131.680072,115.221113,96.241233,94.675961,97.224498,88.808359
UP_All_Freight_Other_Mainline,0,0,0,0.00462,0,0,10.914918,10.876695,12.125424,12.950723,3.185562,3.241747,3.458017,2.848854,2.813968,3.22962,3.561278,3.62423,3.463684,3.038565,3.015817,3.541942,2.81777,2.374009,1.973221,1.722093,1.493785,1.370209
UP_All_Freight_Non_Mainline,19.107122,16.002821,15.31858,15.956052,16.026375,14.375766,13.734653,15.752797,16.765684,17.03217,16.908055,27.492395,24.576987,19.128825,19.173797,21.624565,21.969511,22.259559,22.934347,22.745187,18.981505,19.231812,19.803597,18.368597,15.410455,15.762554,15.747951,14.473728
UP_ClassI_Freight_Both_Mainline,0,150.273102,142.913853,159.01287,163.273716,159.211306,173.90589,175.399029,177.457947,183.201193,187.494115,167.794182,158.542085,130.320378,141.087032,145.477807,145.54019,144.479819,151.629498,139.872427,129.240572,133.102264,134.497842,117.595122,98.214454,96.398054,98.718283,90.178568
UP_ClassI_Freight_Only_Mainline,0,150.273102,142.913853,159.00825,163.273716,159.211306,162.990972,164.522334,165.332523,170.25047,184.308553,164.552435,155.084068,127.471524,138.273064,142.248187,141.978912,140.855589,148.165814,136.833862,126.224755,129.560322,131.680072,115.221113,96.241233,94.675961,97.224498,88.808359
UP_ClassI_Freight_Other_Mainline,0,0,0,0.00462,0,0,10.914918,10.876695,12.125424,12.950723,3.185562,3.241747,3.458017,2.848854,2.813968,3.22962,3.561278,3.62423,3.463684,3.038565,3.015817,3.541942,2.81777,2.374009,1.973221,1.722093,1.493785,1.370209
UP_ClassI_Freight_Non_Mainline,19.107122,16.002821,15.31858,15.956052,16.026375,14.375766,13.734653,15.752797,16.765684,17.03217,16.908055,27.492395,24.576987,19.128825,19.173797,21.624565,21.969511,22.259559,22.934347,22.745187,18.981505,19.231812,19.803597,18.368597,15.410455,15.762554,15.747951,14.473728
UP_Non_ClassI_Freight_Both_Mainline,0,0,0,0,0,0,0,0,0,0,0,0,0,0,0,0,0,0,0,0,0,0,0,0,0,0,0,0
UP_Non_ClassI_Freight_Only_Mainline,0,0,0,0,0,0,0,0,0,0,0,0,0,0,0,0,0,0,0,0,0,0,0,0,0,0,0,0
UP_Non_ClassI_Freight_Other_Mainline,0,0,0,0,0,0,0,0,0,0,0,0,0,0,0,0,0,0,0,0,0,0,0,0,0,0,0,0
UP_Non_ClassI_Freight_Non_Mainline,0,0,0,0,0,0,0,0,0,0,0,0,0,0,0,0,0,0,0,0,0,0,0,0,0,0,0,0
UP_All_Passenger,0,0,0,0,0,0,0,0,0,0,0,0,0,0,0,0,0,0,0,0,0,0,0,0,0,0,0,0
UP_All_Train,19.107122,166.278516,158.232433,177.262997,181.601006,173.587072,187.640543,191.151826,194.223631,200.233363,204.40217,195.286577,183.119072,149.449203,160.260829,167.102372,167.509701,166.739411,174.563845,162.617614,148.222077,152.334076,154.301439,135.963719,113.624909,112.160608,114.466234,104.652296
UP_All_Train_Mainline,0,150.275695,142.913853,161.306945,165.574631,159.211306,173.90589,175.399029,177.457947,183.201193,187.494115,167.794182,158.542085,130.320378,141.087032,145.477807,145.54019,144.479852,151.629498,139.872427,129.240572,133.102264,134.497842,117.595122,98.214454,96.398054,98.718283,90.178568
UP_All_Train_Non_Mainline,19.107122,16.002821,15.31858,15.956052,16.026375,14.375766,13.734653,15.752797,16.765684,17.03217,16.908055,27.492395,24.576987,19.128825,19.173797,21.624565,21.969511,22.259559,22.934347,22.745187,18.981505,19.231812,19.803597,18.368597,15.410455,15.762554,15.747951,14.473728
KCS_All_Freight,1.618416,9.758714,10.63023,10.403437,9.690364,8.843633,8.782481,8.613221,8.671295,8.744568,11.621057,11.397628,11.361608,10.128488,10.35443,10.62949,10.707826,10.771127,11.456967,10.937982,10.309158,10.876663,10.572864,10.87571,9.370281,10.068457,10.671999,3.503447
KCS_All_Freight_Both_Mainline,0,8.055856,8.986792,8.741639,8.188266,7.280552,7.376211,7.128909,7.267949,7.585756,9.188751,8.893828,8.979704,8.18045,8.345408,8.48794,8.547976,8.614211,9.266649,8.79486,8.3259,8.966881,8.647938,9.003908,7.642455,8.297815,8.899409,2.914253
KCS_All_Freight_Only_Mainline,0,8.055286,8.986792,8.741639,8.188266,7.280552,7.376211,7.128909,7.267949,7.585756,9.188751,8.893828,8.979704,8.18045,8.345408,8.48794,8.547976,8.614211,9.266649,8.79486,8.3259,8.966881,8.647938,9.003908,7.642455,8.297815,8.899409,2.914253
KCS_All_Freight_Other_Mainline,0,0.00057,0,0,0,0,0,0,0,0,0,0,0,0,0,0,0,0,0,0,0,0,0,0,0,0,0,0
KCS_All_Freight_Non_Mainline,1.618416,1.702858,1.643438,1.661798,1.502098,1.563081,1.40627,1.484312,1.403346,1.158812,2.432306,2.5038,2.381904,1.948038,2.009022,2.14155,2.15985,2.156916,2.190318,2.143122,1.983258,1.909782,1.924926,1.871802,1.727826,1.770642,1.77259,0.589194
KCS_ClassI_Freight_Both_Mainline,0,8.055856,8.986792,8.741639,8.188266,7.280552,7.376211,7.128909,7.267949,7.585756,9.188751,8.893828,8.979704,8.18045,8.345408,8.48794,8.547976,8.614211,9.266649,8.79486,8.3259,8.966881,8.647938,9.003908,7.642455,8.297815,8.899409,2.914253
KCS_ClassI_Freight_Only_Mainline,0,8.055286,8.986792,8.741639,8.188266,7.280552,7.376211,7.128909,7.267949,7.585756,9.188751,8.893828,8.979704,8.18045,8.345408,8.48794,8.547976,8.614211,9.266649,8.79486,8.3259,8.966881,8.647938,9.003908,7.642455,8.297815,8.899409,2.914253
KCS_ClassI_Freight_Other_Mainline,0,0.00057,0,0,0,0,0,0,0,0,0,0,0,0,0,0,0,0,0,0,0,0,0,0,0,0,0,0
KCS_ClassI_Freight_Non_Mainline,1.618416,1.702858,1.643438,1.661798,1.502098,1.563081,1.40627,1.484312,1.403346,1.158812,2.432306,2.5038,2.381904,1.948038,2.009022,2.14155,2.15985,2.156916,2.190318,2.143122,1.983258,1.909782,1.924926,1.871802,1.727826,1.770642,1.77259,0.589194
KCS_Non_ClassI_Freight_Both_Mainline,0,0,0,0,0,0,0,0,0,0,0,0,0,0,0,0,0,0,0,0,0,0,0,0,0,0,0,0
KCS_Non_ClassI_Freight_Only_Mainline,0,0,0,0,0,0,0,0,0,0,0,0,0,0,0,0,0,0,0,0,0,0,0,0,0,0,0,0
KCS_Non_ClassI_Freight_Other_Mainline,0,0,0,0,0,0,0,0,0,0,0,0,0,0,0,0,0,0,0,0,0,0,0,0,0,0,0,0
KCS_Non_ClassI_Freight_Non_Mainline,0,0,0,0,0,0,0,0,0,0,0,0,0,0,0,0,0,0,0,0,0,0,0,0,0,0,0,0
KCS_All_Passenger,0,0,0,0,0,0,0,0,0,0,0,0,0,0,0,0,0,0,0,0,0,0,0,0,0,0,0,0
KCS_All_Train,1.618416,9.758714,10.63023,10.403437,9.690364,8.843633,8.782481,8.613221,8.671295,8.744568,11.621057,11.397628,11.361608,10.128488,10.35443,10.62949,10.707826,10.771127,11.456967,10.937982,10.309158,10.876663,10.572864,10.87571,9.370281,10.068457,10.671999,3.503447
KCS_All_Train_Mainline,0,8.055856,8.986792,8.741639,8.188266,7.280552,7.376211,7.128909,7.267949,7.585756,9.188751,8.893828,8.979704,8.18045,8.345408,8.48794,8.547976,8.614211,9.266649,8.79486,8.3259,8.966881,8.647938,9.003908,7.642455,8.297815,8.899409,2.914253
KCS_All_Train_Non_Mainline,1.618416,1.702858,1.643438,1.661798,1.502098,1.563081,1.40627,1.484312,1.403346,1.158812,2.432306,2.5038,2.381904,1.948038,2.009022,2.14155,2.15985,2.156916,2.190318,2.143122,1.983258,1.909782,1.924926,1.871802,1.727826,1.770642,1.77259,0.589194
BNSF_All_Freight,18.858098,154.070935,161.880444,161.564447,159.716411,163.011364,161.876658,173.517152,186.530855,193.569487,200.28796,190.020179,186.088403,156.799568,169.002508,175.6471,180.660564,185.19699,190.047114,185.679014,171.176939,179.734722,187.270156,175.821676,155.221099,155.909753,152.221459,137.835323
BNSF_All_Freight_Both_Mainline,0,136.898241,145.851927,146.159926,145.578595,149.244443,149.058126,160.415966,172.814565,178.924409,185.121817,174.803616,170.931924,143.848655,155.672631,161.669222,166.150765,170.749013,175.2916,171.032489,157.653629,166.048638,173.129101,162.086832,143.265997,144.180989,140.581701,126.868602
BNSF_All_Freight_Only_Mainline,0,136.898241,145.851927,146.159926,145.578595,149.244443,149.058126,160.415966,172.814565,178.924409,185.121817,174.803616,170.931924,143.848655,155.672631,161.669222,166.150765,170.749013,175.2916,171.032489,157.653629,166.048638,173.129101,162.086832,143.265997,144.180989,140.581701,126.868602
BNSF_All_Freight_Other_Mainline,0,0,0,0,0,0,0,0,0,0,0,0,0,0,0,0,0,0,0,0,0,0,0,0,0,0,0,0
BNSF_All_Freight_Non_Mainline,18.858098,17.172694,16.028517,15.404521,14.137816,13.766921,12.818532,13.101186,13.71629,14.645078,15.166143,15.216563,15.156479,12.950913,13.329877,13.977878,14.509799,14.447977,14.755514,14.646525,13.52331,13.686084,14.141055,13.734844,11.955102,11.728764,11.639758,10.966721
BNSF_ClassI_Freight_Both_Mainline,0,136.898241,145.851927,146.159926,145.578595,149.244443,149.058126,160.415966,172.814565,178.924409,185.121817,174.803616,170.931924,143.848655,155.672631,161.669222,166.150765,170.749013,175.2916,171.032489,157.653629,166.048638,173.129101,162.086832,143.265997,144.180989,140.581701,126.868602
BNSF_ClassI_Freight_Only_Mainline,0,136.898241,145.851927,146.159926,145.578595,149.244443,149.058126,160.415966,172.814565,178.924409,185.121817,174.803616,170.931924,143.848655,155.672631,161.669222,166.150765,170.749013,175.2916,171.032489,157.653629,166.048638,173.129101,162.086832,143.265997,144.180989,140.581701,126.868602
BNSF_ClassI_Freight_Other_Mainline,0,0,0,0,0,0,0,0,0,0,0,0,0,0,0,0,0,0,0,0,0,0,0,0,0,0,0,0
BNSF_ClassI_Freight_Non_Mainline,18.858098,17.172694,16.028517,15.404521,14.137816,13.766921,12.818532,13.101186,13.71629,14.645078,15.166143,15.216563,15.156479,12.950913,13.329877,13.977878,14.509799,14.447977,14.755514,14.646525,13.52331,13.686084,14.141055,13.734844,11.955102,11.728764,11.639758,10.966721
BNSF_Non_ClassI_Freight_Both_Mainline,0,0,0,0,0,0,0,0,0,0,0,0,0,0,0,0,0,0,0,0,0,0,0,0,0,0,0,0
BNSF_Non_ClassI_Freight_Only_Mainline,0,0,0,0,0,0,0,0,0,0,0,0,0,0,0,0,0,0,0,0,0,0,0,0,0,0,0,0
BNSF_Non_ClassI_Freight_Other_Mainline,0,0,0,0,0,0,0,0,0,0,0,0,0,0,0,0,0,0,0,0,0,0,0,0,0,0,0,0
BNSF_Non_ClassI_Freight_Non_Mainline,0,0,0,0,0,0,0,0,0,0,0,0,0,0,0,0,0,0,0,0,0,0,0,0,0,0,0,0
BNSF_All_Passenger,0,0,0,0,0,0,0,0,0,0,0,0,0,0,0,0,0,0,0,0,0,0,0,0,0,0,0,0
BNSF_All_Train,18.858098,154.671963,162.781415,162.473995,160.653913,163.011364,161.876658,173.517152,186.530855,193.569487,200.28796,190.020179,186.088403,156.799568,169.002508,175.6471,180.660564,185.19699,190.047114,185.679014,171.176939,179.734722,187.270156,175.821676,155.221099,155.909753,152.221459,137.835323
BNSF_All_Train_Mainline,0,137.499269,146.752898,147.069474,146.516097,149.244443,149.058126,160.415966,172.814565,178.924409,185.121817,174.803616,170.931924,143.848655,155.672631,161.669222,166.150765,170.749013,175.2916,171.032489,157.653629,166.048638,173.129101,162.086832,143.265997,144.180989,140.581701,126.868602
BNSF_All_Train_Non_Mainline,18.858098,17.172694,16.028517,15.404521,14.137816,13.766921,12.818532,13.101186,13.71629,14.645078,15.166143,15.216563,15.156479,12.950913,13.329877,13.977878,14.509799,14.447977,14.755514,14.646525,13.52331,13.686084,14.141055,13.734844,11.955102,11.728764,11.639758,10.966721
CSX_All_Freight,12.894024,83.57304,83.331409,105.160995,114.178777,108.47415,109.744154,107.635539,110.31335,108.482932,108.384615,109.035034,105.868874,87.795811,93.102459,98.062017,98.268073,98.590109,101.060254,94.55437,82.501404,78.767155,73.559769,72.031802,61.344064,62.110278,60.683204,58.90656
CSX_All_Freight_Both_Mainline,0,70.248107,69.964163,89.085569,96.443553,91.990677,95.220582,94.846132,98.274717,96.565968,97.139664,93.347588,89.982844,74.689692,79.579973,83.676754,83.958067,84.695344,86.568435,80.343713,69.801667,66.396633,63.162636,62.237847,52.963552,53.886267,52.503825,51.104366
CSX_All_Freight_Only_Mainline,0,70.243915,69.961215,89.082982,96.441603,91.988686,95.219639,94.845314,98.273358,96.563397,97.137414,93.345043,89.979889,74.688228,79.578062,83.673948,83.957765,84.694522,86.567829,80.343683,69.801391,66.396633,63.162636,62.237847,52.963552,53.886267,52.503825,51.104366
CSX_All_Freight_Other_Mainline,0,0.004192,0.002948,0.002587,0.00195,0.001991,0.000943,0.000818,0.001359,0.002571,0.00225,0.002545,0.002955,0.001464,0.001911,0.002806,0.000302,0.000822,0.000606,0.00003,0.000276,0,0,0,0,0,0,0
CSX_All_Freight_Non_Mainline,12.894024,13.324933,13.367246,16.075426,17.735224,16.483473,14.523572,12.789407,12.038633,11.916964,11.244951,15.687446,15.88603,13.106119,13.522486,14.385263,14.310006,13.894765,14.491819,14.210657,12.699737,12.370522,10.397133,9.793955,8.380512,8.224011,8.179379,7.802194
CSX_ClassI_Freight_Both_Mainline,0,70.248107,69.964163,89.085569,96.443553,91.990677,95.220582,94.846132,98.274717,96.565968,97.139664,93.347588,89.982844,74.689692,79.579973,83.676754,83.958067,84.695344,86.568435,80.343713,69.801667,66.396633,63.162636,62.237847,52.963552,53.886267,52.503825,51.104366
CSX_ClassI_Freight_Only_Mainline,0,70.243915,69.961215,89.082982,96.441603,91.988686,95.219639,94.845314,98.273358,96.563397,97.137414,93.345043,89.979889,74.688228,79.578062,83.673948,83.957765,84.694522,86.567829,80.343683,69.801391,66.396633,63.162636,62.237847,52.963552,53.886267,52.503825,51.104366
CSX_ClassI_Freight_Other_Mainline,0,0.004192,0.002948,0.002587,0.00195,0.001991,0.000943,0.000818,0.001359,0.002571,0.00225,0.002545,0.002955,0.001464,0.001911,0.002806,0.000302,0.000822,0.000606,0.00003,0.000276,0,0,0,0,0,0,0
CSX_ClassI_Freight_Non_Mainline,12.894024,13.324933,13.367246,16.075426,17.735224,16.483473,14.523572,12.789407,12.038633,11.916964,11.244951,15.687446,15.88603,13.106119,13.522486,14.385263,14.310006,13.894765,14.491819,14.210657,12.699737,12.370522,10.397133,9.793955,8.380512,8.224011,8.179379,7.802194
CSX_Non_ClassI_Freight_Both_Mainline,0,0,0,0,0,0,0,0,0,0,0,0,0,0,0,0,0,0,0,0,0,0,0,0,0,0,0,0
CSX_Non_ClassI_Freight_Only_Mainline,0,0,0,0,0,0,0,0,0,0,0,0,0,0,0,0,0,0,0,0,0,0,0,0,0,0,0,0
CSX_Non_ClassI_Freight_Other_Mainline,0,0,0,0,0,0,0,0,0,0,0,0,0,0,0,0,0,0,0,0,0,0,0,0,0,0,0,0
CSX_Non_ClassI_Freight_Non_Mainline,0,0,0,0,0,0,0,0,0,0,0,0,0,0,0,0,0,0,0,0,0,0,0,0,0,0,0,0
CSX_All_Passenger,0,0,0,0,0,0,0,0,0,0,0,0,0,0,0,0,0,0,0,0,0,0,0,0,0,0,0,0
CSX_All_Train,12.894024,83.798061,83.496677,105.324171,114.348229,108.643602,109.913606,107.635539,110.31335,108.482932,108.384615,109.035034,105.868874,87.795811,93.102459,98.062017,98.268073,98.590109,101.060254,94.55437,82.501404,78.767155,73.559769,72.031802,61.344064,62.110278,60.683204,58.90656
CSX_All_Train_Mainline,0,70.473128,70.129431,89.248745,96.613005,92.160129,95.390034,94.846132,98.274717,96.565968,97.139664,93.347588,89.982844,74.689692,79.579973,83.676754,83.958067,84.695344,86.568435,80.343713,69.801667,66.396633,63.162636,62.237847,52.963552,53.886267,52.503825,51.104366
CSX_All_Train_Non_Mainline,12.894024,13.324933,13.367246,16.075426,17.735224,16.483473,14.523572,12.789407,12.038633,11.916964,11.244951,15.687446,15.88603,13.106119,13.522486,14.385263,14.310006,13.894765,14.491819,14.210657,12.699737,12.370522,10.397133,9.793955,8.380512,8.224011,8.179379,7.802194
CN_All_Freight,2.903462,22.70136,22.953235,22.653972,25.368411,24.743395,23.200469,22.7922,23.417761,22.87472,22.27332,21.143231,20.600159,16.134751,17.325941,18.057247,19.407945,20.330835,21.087726,20.632016,19.035247,19.882888,21.036233,21.297299,18.049569,18.511356,19.758105,18.042267
CN_All_Freight_Both_Mainline,0,19.534427,19.658946,19.34953,19.76732,19.439927,18.293298,17.915828,17.947528,17.592005,17.372528,16.748136,16.576618,13.457903,14.4282,15.008944,16.575361,17.753529,18.566929,18.435077,17.032942,17.782376,18.879536,19.144896,16.270902,16.715721,17.746507,16.221665
CN_All_Freight_Only_Mainline,0,19.509361,19.639839,19.329169,19.749183,19.414332,18.260902,17.88669,17.917691,17.567118,17.351236,16.727234,16.553972,13.424674,14.410388,14.990304,16.555721,17.742439,18.556629,18.414547,16.995654,17.735011,18.829268,19.094088,16.252868,16.69966,17.723445,16.211651
CN_All_Freight_Other_Mainline,0,0.025066,0.019107,0.020361,0.018137,0.025595,0.032396,0.029138,0.029837,0.024887,0.021292,0.020902,0.022646,0.033229,0.017812,0.01864,0.01964,0.01109,0.0103,0.02053,0.037288,0.047365,0.050268,0.050808,0.018034,0.016061,0.023062,0.010014
CN_All_Freight_Non_Mainline,2.903462,3.166933,3.294289,3.304442,5.601091,5.303468,4.907171,4.876372,5.470233,5.282715,4.900792,4.395095,4.023541,2.676848,2.897741,3.048303,2.832584,2.577306,2.520797,2.196939,2.002305,2.100512,2.156697,2.152403,1.778667,1.795635,2.011598,1.820602
CN_ClassI_Freight_Both_Mainline,0,19.534427,19.658946,19.34953,19.76732,19.439927,18.293298,17.915828,17.947528,17.592005,17.372528,16.748136,16.576618,13.457903,14.4282,15.008944,16.575361,17.753529,18.566929,18.435077,17.032942,17.782376,18.879536,19.144896,16.270902,16.715721,17.746507,16.221665
CN_ClassI_Freight_Only_Mainline,0,19.509361,19.639839,19.329169,19.749183,19.414332,18.260902,17.88669,17.917691,17.567118,17.351236,16.727234,16.553972,13.424674,14.410388,14.990304,16.555721,17.742439,18.556629,18.414547,16.995654,17.735011,18.829268,19.094088,16.252868,16.69966,17.723445,16.211651
CN_ClassI_Freight_Other_Mainline,0,0.025066,0.019107,0.020361,0.018137,0.025595,0.032396,0.029138,0.029837,0.024887,0.021292,0.020902,0.022646,0.033229,0.017812,0.01864,0.01964,0.01109,0.0103,0.02053,0.037288,0.047365,0.050268,0.050808,0.018034,0.016061,0.023062,0.010014
CN_ClassI_Freight_Non_Mainline,2.903462,3.166933,3.294289,3.304442,5.601091,5.303468,4.907171,4.876372,5.470233,5.282715,4.900792,4.395095,4.023541,2.676848,2.897741,3.048303,2.832584,2.577306,2.520797,2.196939,2.002305,2.100512,2.156697,2.152403,1.778667,1.795635,2.011598,1.820602
CN_Non_ClassI_Freight_Both_Mainline,0,0,0,0,0,0,0,0,0,0,0,0,0,0,0,0,0,0,0,0,0,0,0,0,0,0,0,0
CN_Non_ClassI_Freight_Only_Mainline,0,0,0,0,0,0,0,0,0,0,0,0,0,0,0,0,0,0,0,0,0,0,0,0,0,0,0,0
CN_Non_ClassI_Freight_Other_Mainline,0,0,0,0,0,0,0,0,0,0,0,0,0,0,0,0,0,0,0,0,0,0,0,0,0,0,0,0
CN_Non_ClassI_Freight_Non_Mainline,0,0,0,0,0,0,0,0,0,0,0,0,0,0,0,0,0,0,0,0,0,0,0,0,0,0,0,0
CN_All_Passenger,0,0,0,0,0,0,0,0,0,0,0,0,0,0,0,0,0,0,0,0,0,0,0,0,0,0,0,0
CN_All_Train,2.903462,22.705435,22.959039,22.670826,25.374341,24.748466,23.201129,22.7922,23.417761,22.87472,22.27332,21.143231,20.600159,16.134751,17.325941,18.057247,19.407945,20.330835,21.087726,20.632016,19.035247,19.882888,21.036233,21.297299,18.049569,18.511356,19.758105,18.042267
CN_All_Train_Mainline,0,19.538502,19.66475,19.366384,19.77325,19.444998,18.293958,17.915828,17.947528,17.592005,17.372528,16.748136,16.576618,13.457903,14.4282,15.008944,16.575361,17.753529,18.566929,18.435077,17.032942,17.782376,18.879536,19.144896,16.270902,16.715721,17.746507,16.221665
CN_All_Train_Non_Mainline,2.903462,3.166933,3.294289,3.304442,5.601091,5.303468,4.907171,4.876372,5.470233,5.282715,4.900792,4.395095,4.023541,2.676848,2.897741,3.048303,2.832584,2.577306,2.520797,2.196939,2.002305,2.100512,2.156697,2.152403,1.778667,1.795635,2.011598,1.820602
CP_All_Freight,2.493164,12.50692,13.15179,13.152756,13.41602,13.030888,13.965436,15.004796,15.17604,14.970185,15.220686,14.80117,14.356621,12.00783,13.895199,14.065658,13.942611,13.366867,11.967816,11.15375,8.675351,8.953526,9.456725,9.509478,7.944608,8.271565,8.834014,2.82512
CP_All_Freight_Both_Mainline,0,10.238194,10.815677,10.494153,10.616368,10.348717,11.392416,12.450222,12.697043,12.175507,12.572843,12.183986,11.852426,9.948461,11.363806,11.706776,11.95001,11.989797,10.631623,10.062351,8.047064,8.455792,8.960175,9.098739,7.545436,7.644523,8.233864,2.613186
CP_All_Freight_Only_Mainline,0,10.238194,10.815677,10.494153,10.616368,10.348717,11.392416,12.450222,12.697043,12.175507,12.572843,12.183986,11.852426,9.948461,11.363806,11.706776,11.95001,11.989797,10.631623,10.062351,8.047064,8.455792,8.960175,9.098739,7.545436,7.644523,8.233864,2.613186
CP_All_Freight_Other_Mainline,0,0,0,0,0,0,0,0,0,0,0,0,0,0,0,0,0,0,0,0,0,0,0,0,0,0,0,0
CP_All_Freight_Non_Mainline,2.493164,2.268726,2.336113,2.658603,2.799652,2.682171,2.57302,2.554574,2.478997,2.794678,2.647843,2.617184,2.504195,2.059369,2.531393,2.358882,1.992601,1.37707,1.336193,1.091399,0.628287,0.497734,0.49655,0.410739,0.399172,0.627042,0.60015,0.211934
CP_ClassI_Freight_Both_Mainline,0,10.238194,10.815677,10.494153,10.616368,10.348717,11.392416,12.450222,12.697043,12.175507,12.572843,12.183986,11.852426,9.948461,11.363806,11.706776,11.95001,11.989797,10.631623,10.062351,8.047064,8.455792,8.960175,9.098739,7.545436,7.644523,8.233864,2.613186
CP_ClassI_Freight_Only_Mainline,0,10.238194,10.815677,10.494153,10.616368,10.348717,11.392416,12.450222,12.697043,12.175507,12.572843,12.183986,11.852426,9.948461,11.363806,11.706776,11.95001,11.989797,10.631623,10.062351,8.047064,8.455792,8.960175,9.098739,7.545436,7.644523,8.233864,2.613186
CP_ClassI_Freight_Other_Mainline,0,0,0,0,0,0,0,0,0,0,0,0,0,0,0,0,0,0,0,0,0,0,0,0,0,0,0,0
CP_ClassI_Freight_Non_Mainline,2.493164,2.268726,2.336113,2.658603,2.799652,2.682171,2.57302,2.554574,2.478997,2.794678,2.647843,2.617184,2.504195,2.059369,2.531393,2.358882,1.992601,1.37707,1.336193,1.091399,0.628287,0.497734,0.49655,0.410739,0.399172,0.627042,0.60015,0.211934
CP_Non_ClassI_Freight_Both_Mainline,0,0,0,0,0,0,0,0,0,0,0,0,0,0,0,0,0,0,0,0,0,0,0,0,0,0,0,0
CP_Non_ClassI_Freight_Only_Mainline,0,0,0,0,0,0,0,0,0,0,0,0,0,0,0,0,0,0,0,0,0,0,0,0,0,0,0,0
CP_Non_ClassI_Freight_Other_Mainline,0,0,0,0,0,0,0,0,0,0,0,0,0,0,0,0,0,0,0,0,0,0,0,0,0,0,0,0
CP_Non_ClassI_Freight_Non_Mainline,0,0,0,0,0,0,0,0,0,0,0,0,0,0,0,0,0,0,0,0,0,0,0,0,0,0,0,0
CP_All_Passenger,0,0,0,0,0,0,0,0,0,0,0,0,0,0,0,0,0,0,0,0,0,0,0,0,0,0,0,0
CP_All_Train,2.493164,12.50692,13.157788,13.152757,13.41602,13.030888,13.965436,15.004796,15.17604,14.970185,15.220686,14.80117,14.356621,12.00783,13.895199,14.065658,13.942611,13.366867,11.967816,11.15375,8.675351,8.953526,9.456725,9.509478,7.944608,8.271565,8.834014,2.82512
CP_All_Train_Mainline,0,10.238194,10.821675,10.494154,10.616368,10.348717,11.392416,12.450222,12.697043,12.175507,12.572843,12.183986,11.852426,9.948461,11.363806,11.706776,11.95001,11.989797,10.631623,10.062351,8.047064,8.455792,8.960175,9.098739,7.545436,7.644523,8.233864,2.613186
CP_All_Train_Non_Mainline,2.493164,2.268726,2.336113,2.658603,2.799652,2.682171,2.57302,2.554574,2.478997,2.794678,2.647843,2.617184,2.504195,2.059369,2.531393,2.358882,1.992601,1.37707,1.336193,1.091399,0.628287,0.497734,0.49655,0.410739,0.399172,0.627042,0.60015,0.211934
